language,engine,n_trials,Walltime (ms) - Median,Walltime (ms) - 95% CI Lower,Walltime (ms) - 95% CI Upper,Walltime (ms) - CI Width,Memory (KB) - Median,Memory (KB) - 95% CI Lower,Memory (KB) - 95% CI Upper,Memory (KB) - CI Width,CPU (%) - Median,CPU (%) - 95% CI Lower,CPU (%) - 95% CI Upper,CPU (%) - CI Width
elixir,base,10,21520.0,21450.0,21567.0,117.0,290948.0,289206.0,298916.0,9710.0,629.27,627.435,630.57,3.1350000000001046
elixir,proc,10,18894.5,18828.0,18941.0,113.0,225986.0,217496.0,229036.0,11540.0,731.865,730.21,733.68,3.4699999999999136
python,multi,10,29521.0,29429.0,29614.0,185.0,184104.0,183934.0,184456.0,522.0,592.995,592.17,594.605,2.435000000000059
