language,engine,n_trials,Walltime (ms) - Median,Walltime (ms) - 95% CI Lower,Walltime (ms) - 95% CI Upper,Walltime (ms) - CI Width,Memory (KB) - Median,Memory (KB) - 95% CI Lower,Memory (KB) - 95% CI Upper,Memory (KB) - CI Width,CPU (%) - Median,CPU (%) - 95% CI Lower,CPU (%) - 95% CI Upper,CPU (%) - CI Width
elixir,base,10,2278.0,2276.0,2327.0,51.0,149316.0,145388.0,155492.0,10104.0,357.51,355.02,360.84,5.819999999999993
elixir,proc,10,2692.5,2690.5,2694.0,3.5,135402.0,134004.0,138166.0,4162.0,431.96500000000003,428.58,435.69,7.110000000000014
python,multi,10,6900.0,6886.5,6946.0,59.5,155318.0,155280.0,155424.0,144.0,660.49,655.15,661.22,6.07000000000005
